,Date,City,County,State,latitude,longitude,o3_median,pressure_median,pm25_median,humidity_median,temperature_median,dew_median,no2_median,wind-speed_median,co_median,so2_median,pm10_median,wind-gust_median
0,2019-01-01,albuquerque,bernalillo,NM,35.10720930232556,-106.61720930232552,20.8,1018.3,25.0,75.9,-5.3,0.0,4.7,1.6,1.5,0.0,18.0,3.8
1,2019-01-01,atlanta,fulton,GA,33.760108695652185,-84.40282608695658,8.0,1018.5,31.0,86.7,14.3,0.0,6.5,0.3,2.5,0.2,14.0,1.7
2,2019-01-01,austin,travis,TX,30.28333333333335,-97.75064102564096,11.2,1021.2,38.0,85.7,0.0,0.0,0.0,2.8,0.0,0.0,0.0,6.8
3,2019-01-01,baltimore,baltimo,MD,39.30583333333331,-76.6104166666667,19.2,1014.7,13.0,65.2,0.0,0.0,5.6,3.4,0.0,0.0,6.0,8.5
4,2019-01-01,boise,ada,ID,43.60454545454543,-116.20242424242424,17.4,1034.8,13.0,61.7,-4.1,0.0,0.0,0.7,4.8,0.7,5.0,2.2
5,2019-01-01,boston,suffolk,MA,42.35128205128203,-71.06205128205124,22.4,1005.6,21.0,0.0,0.0,0.0,3.8,0.0,2.0,1.5,0.0,15.7
6,2019-01-01,brooklyn,kings,NY,40.65326923076925,-73.95653846153847,20.8,1009.2,38.0,67.9,9.5,9.2,0.0,5.1,0.0,0.0,0.0,12.2
7,2019-01-01,charlotte,mecklenburg,NC,35.19635135135138,-80.82810810810808,18.4,1016.9,21.0,79.8,18.3,13.0,0.0,1.2,0.6,0.0,0.0,4.6
8,2019-01-01,chicago,cook,IL,41.85885057471261,-87.67643678160923,17.6,1024.0,27.0,90.2,-2.0,1.0,6.1,3.6,2.6,0.0,13.0,5.0
9,2019-01-01,columbia,richland,SC,34.011818181818185,-81.01333333333336,17.6,1019.6,34.0,91.6,20.0,19.0,0.0,2.5,0.0,0.0,0.0,5.3
10,2019-01-01,columbus,franklin,OH,39.98804347826086,-82.97978260869564,0.0,1020.6,22.0,86.8,4.4,0.0,2.8,2.5,0.0,0.0,0.0,5.5
11,2019-01-01,dallas,dallas,TX,32.79677966101696,-96.783559322034,12.1,1023.8,33.0,0.0,0.0,1.0,0.0,6.7,0.0,0.0,0.0,12.3
12,2019-01-01,denver,denver,CO,39.74446428571429,-104.91196428571422,7.4,1028.2,42.0,65.5,0.0,0.0,6.0,0.0,1.9,1.6,13.0,2.9
13,2019-01-01,detroit,wayne,MI,42.37173913043482,-83.10043478260866,10.4,1022.6,22.0,92.0,0.0,1.0,0.0,0.0,0.0,0.0,6.0,4.7
14,2019-01-01,el paso,el paso,TX,31.83372262773728,-106.42459854014618,17.6,1014.0,50.0,44.2,0.0,0.0,4.7,0.0,0.0,0.0,19.0,9.1
15,2019-01-01,fort worth,tarrant,TX,32.75272727272726,-97.33181818181818,12.1,1025.6,27.0,0.0,0.0,1.0,0.0,3.8,0.0,0.0,0.0,10.8
16,2019-01-01,fresno,fresno,CA,36.75683333333335,-119.78333333333327,3.2,1023.0,115.0,82.6,0.0,2.3,17.6,0.6,6.7,0.0,44.0,1.9
17,2019-01-01,hartford,hartford,CT,41.76194444444444,-72.68055555555556,9.4,1006.7,21.0,60.7,0.0,6.0,2.8,3.4,2.4,0.0,8.0,7.0
18,2019-01-01,honolulu,honolulu,HI,21.304651162790684,-157.84348837209308,27.2,1014.6,21.0,70.8,21.1,0.0,0.0,0.9,3.4,0.0,17.0,5.6
19,2019-01-01,houston,harris,TX,29.76687830687841,-95.39687830687816,15.2,0.0,40.0,0.0,0.0,8.0,0.0,2.7,0.0,0.0,0.0,4.6
20,2019-01-01,indianapolis,marion,IN,39.78666666666667,-86.14033333333334,13.6,1021.6,19.0,0.0,0.0,1.0,5.6,1.5,1.8,0.0,6.0,3.6
21,2019-01-01,jackson,hinds,MS,32.318214285714305,-90.1985714285714,8.0,1019.9,25.0,87.0,14.0,10.0,1.7,1.8,0.3,0.0,0.0,3.6
22,2019-01-01,jacksonville,duval,FL,30.31615384615384,-81.64423076923079,6.5,1017.0,53.0,85.3,19.2,16.0,4.6,0.8,6.6,0.6,18.0,1.8
23,2019-01-01,las vegas,clark,NV,36.1355844155844,-115.19103896103896,13.0,1023.6,14.0,29.5,1.5,0.0,2.1,6.7,0.1,0.0,9.0,12.0
24,2019-01-01,little rock,pulaski,AR,34.73000000000001,-92.35416666666664,10.4,1024.8,25.0,88.0,5.8,3.0,0.0,1.2,0.0,0.0,0.0,4.2
25,2019-01-01,los angeles,los angeles,CA,34.03708333333333,-118.2884375,6.4,1019.2,44.0,0.0,0.0,0.0,22.3,0.0,6.9,1.5,32.0,3.0
26,2019-01-01,madison,dane,WI,43.07088235294117,-89.38882352941181,0.0,1025.8,14.0,84.5,-18.6,0.0,0.0,3.2,0.0,0.0,3.0,1.2
27,2019-01-01,manhattan,riley,KS,39.21250000000001,-96.6125,17.6,1009.3,40.0,65.0,9.1,9.2,7.5,2.2,2.2,0.0,0.0,7.8
28,2019-01-01,memphis,shelby,TN,35.11030769230766,-89.97984615384615,15.2,1022.3,25.0,81.0,7.1,5.0,0.0,3.0,0.0,0.0,0.0,3.8
29,2019-01-01,miami,miami-dade,FL,25.76768421052632,-80.26421052631572,13.0,1020.8,21.0,78.3,24.4,0.0,0.5,1.2,1.2,0.0,0.0,6.8
30,2019-01-01,milwaukee,milwaukee,WI,43.05333333333332,-87.96404761904762,24.1,1025.3,20.0,85.8,-5.0,0.0,6.1,2.0,2.6,0.0,11.0,3.8
31,2019-01-01,nashville,davidson,TN,36.15636363636366,-86.78636363636372,0.8,1019.1,21.0,82.2,10.5,9.0,0.0,2.2,0.0,0.0,0.0,4.9
32,2019-01-01,oakland,alameda,CA,37.78629629629629,-122.22555555555556,24.8,1022.1,13.0,35.7,6.9,0.0,5.6,1.1,3.2,1.5,0.0,3.1
33,2019-01-01,oklahoma city,oklahoma,OK,35.473918918918926,-97.51662162162172,18.4,1027.0,36.0,0.0,0.0,0.0,1.9,5.6,3.4,0.0,13.0,10.4
34,2019-01-01,omaha,douglas,NE,41.26652173913043,-96.02347826086962,24.1,1028.7,17.0,0.0,-10.0,0.0,0.0,2.5,1.5,0.0,11.0,7.6
35,2019-01-01,philadelphia,philadelphia,PA,39.97674418604645,-75.15337209302321,18.4,1012.0,35.0,70.7,0.0,8.3,3.8,2.8,3.4,0.0,0.0,8.2
36,2019-01-01,phoenix,maricopa,AZ,33.502592592592585,-112.070987654321,15.1,33.9,38.0,62.2,0.0,4.0,7.5,0.7,3.4,0.6,12.0,2.1
37,2019-01-01,portland,multnomah,OR,45.517543859649145,-122.6487719298246,0.1,1028.6,57.0,88.0,0.0,1.0,12.1,0.0,6.7,1.2,0.0,1.1
38,2019-01-01,providence,providence,RI,41.8225,-71.41583333333331,23.3,1005.6,13.0,54.7,0.0,0.0,3.8,2.0,2.6,0.0,0.0,6.5
39,2019-01-01,raleigh,wake,NC,35.8215909090909,-78.6504545454546,19.2,1016.2,30.0,75.1,16.8,14.6,3.8,2.9,2.0,0.0,11.0,6.0
40,2019-01-01,richmond,richmo,VA,37.54903225806449,-77.46258064516131,9.4,1012.9,21.0,74.6,16.9,7.0,1.8,2.2,0.1,0.1,0.0,7.3
41,2019-01-01,sacramento,sacramento,CA,38.56990196078432,-121.46715686274506,0.1,1023.2,13.0,50.0,5.5,0.0,1.9,4.2,0.0,0.0,4.0,7.7
42,2019-01-01,saint paul,ramsey,MN,44.97105263157897,-93.10394736842102,24.8,1028.5,21.0,74.2,-16.1,0.0,8.4,0.2,2.8,0.0,6.0,4.0
43,2019-01-01,salem,marion,OR,44.93461538461538,-122.99846153846156,0.0,1030.7,77.0,95.5,-0.6,0.0,0.0,0.4,0.0,0.0,0.0,1.2
44,2019-01-01,salt lake city,salt lake,UT,40.72436363636364,-111.8878181818182,21.6,1022.3,10.0,0.0,0.0,0.0,6.5,1.7,1.7,0.0,0.0,6.5
45,2019-01-01,san antonio,bexar,TX,29.46241379310341,-98.51022988505748,12.8,1019.9,42.0,82.0,0.0,3.0,0.0,2.6,0.0,0.0,0.0,9.0
46,2019-01-01,san diego,san diego,CA,32.778148148148155,-117.13172839506171,21.6,1018.2,55.0,30.1,7.2,0.0,8.4,1.4,2.4,0.0,0.0,6.1
47,2019-01-01,san francisco,san francisco,CA,37.77015384615385,-122.41830769230764,24.8,1022.9,13.0,38.5,8.0,0.0,6.5,2.0,2.7,1.5,0.0,5.0
48,2019-01-01,san jose,santa clara,CA,37.30894736842104,-121.8722807017544,24.8,1023.7,21.0,39.2,0.0,0.0,9.3,0.0,3.6,1.5,5.0,3.0
49,2019-01-01,seattle,king,WA,47.59079365079366,-122.32571428571428,2.4,1029.6,63.0,87.1,1.1,1.0,13.9,0.0,4.4,1.5,0.0,1.7
50,2019-01-01,springfield,sangamon,IL,39.78315789473682,-89.64184210526314,0.0,1024.0,49.0,92.5,1.1,1.6,0.0,2.0,0.0,0.0,0.0,4.8
51,2019-01-01,staten island,richmond,NY,40.58857142857143,-74.14999999999998,18.4,1008.7,25.0,64.7,9.3,7.6,4.7,3.3,2.5,0.0,0.0,9.6
52,2019-01-01,tallahassee,leon,FL,30.456,-84.26249999999997,10.6,1020.3,26.0,90.2,19.4,20.0,0.0,2.2,0.0,0.0,0.0,3.0
53,2019-01-01,tucson,pima,AZ,32.21703703703703,-110.9498148148148,24.8,1016.0,13.0,74.9,3.7,1.0,3.6,1.3,1.9,0.2,4.0,4.5
54,2019-01-02,albuquerque,bernalillo,NM,35.10720930232556,-106.61720930232552,20.8,1021.3,40.0,48.0,4.1,0.0,16.7,0.8,3.0,1.5,40.0,1.0
55,2019-01-02,atlanta,fulton,GA,33.760108695652185,-84.40282608695658,19.2,1025.8,55.0,58.8,4.3,0.0,30.6,1.8,7.7,1.5,20.0,3.1
56,2019-01-02,austin,travis,TX,30.28333333333335,-97.75064102564096,16.8,1019.1,21.0,92.3,0.0,0.0,0.0,0.8,0.0,0.0,0.0,1.2
57,2019-01-02,baltimore,baltimo,MD,39.30583333333331,-76.6104166666667,15.2,1030.7,57.0,62.5,0.0,0.0,16.7,0.6,0.0,1.5,15.0,1.7
58,2019-01-02,boise,ada,ID,43.60454545454543,-116.20242424242424,5.6,1016.8,38.0,67.0,0.2,0.0,0.0,0.3,4.8,1.5,29.0,2.0
59,2019-01-02,boston,suffolk,MA,42.35128205128203,-71.06205128205124,21.6,1026.3,46.0,0.0,0.0,0.0,9.3,0.0,2.9,1.5,0.0,12.6
60,2019-01-02,brooklyn,kings,NY,40.65326923076925,-73.95653846153847,26.4,1029.9,43.0,40.2,-8.6,0.0,0.0,2.0,0.0,0.0,0.0,6.2
61,2019-01-02,charlotte,mecklenburg,NC,35.19635135135138,-80.82810810810808,17.6,1025.7,45.0,0.0,0.0,0.0,0.0,0.0,2.4,1.5,0.0,1.3
62,2019-01-02,chicago,cook,IL,41.85885057471261,-87.67643678160923,6.4,1025.0,33.0,78.0,-9.0,0.0,34.3,2.0,4.9,0.0,16.0,3.8
63,2019-01-02,columbia,richland,SC,34.011818181818185,-81.01333333333336,16.8,1027.8,45.0,77.8,5.3,5.0,0.0,1.0,0.0,1.5,0.0,2.3
64,2019-01-02,columbus,franklin,OH,39.98804347826086,-82.97978260869564,0.0,1026.1,40.0,85.9,-10.1,0.0,12.1,1.0,2.3,0.0,0.0,1.8
65,2019-01-02,dallas,dallas,TX,32.79677966101696,-96.783559322034,19.2,1019.2,27.0,0.0,0.0,12.0,0.0,3.0,0.0,0.0,0.0,5.2
66,2019-01-02,denver,denver,CO,39.74446428571429,-104.91196428571422,9.4,1014.8,34.0,39.9,0.0,0.0,19.7,0.0,4.6,1.1,25.0,2.1
67,2019-01-02,detroit,wayne,MI,42.37173913043482,-83.10043478260866,14.5,1029.7,45.0,64.8,0.0,0.0,0.0,0.0,0.0,4.3,15.0,1.4
68,2019-01-02,el paso,el paso,TX,31.83372262773728,-106.42459854014618,18.4,1016.2,34.0,37.1,0.0,0.0,5.6,0.0,0.0,0.0,22.0,2.1
69,2019-01-02,fort worth,tarrant,TX,32.75272727272726,-97.33181818181818,13.6,1019.7,25.0,0.0,0.0,11.0,0.0,2.3,0.0,0.0,0.0,3.5
70,2019-01-02,fresno,fresno,CA,36.75683333333335,-119.78333333333327,15.2,1011.9,52.0,0.0,0.0,10.0,11.2,0.0,3.0,0.0,18.0,3.3
71,2019-01-02,hartford,hartford,CT,41.76194444444444,-72.68055555555556,9.8,1024.3,32.0,0.0,0.0,0.0,6.4,1.2,2.6,0.0,21.0,2.1
72,2019-01-02,honolulu,honolulu,HI,21.304651162790684,-157.84348837209308,18.4,1010.7,13.0,78.8,20.3,19.0,0.0,0.6,5.6,0.0,7.0,6.4
73,2019-01-02,houston,harris,TX,29.76687830687841,-95.39687830687816,17.6,0.0,31.0,0.0,0.0,14.0,0.0,2.5,0.0,0.0,0.0,3.7
74,2019-01-02,indianapolis,marion,IN,39.78666666666667,-86.14033333333334,16.0,1024.3,56.0,0.0,-1.5,0.0,14.9,1.1,2.7,1.5,22.0,2.0
75,2019-01-02,jackson,hinds,MS,32.318214285714305,-90.1985714285714,24.8,1021.8,36.0,62.7,8.7,6.0,3.9,2.5,1.9,1.5,0.0,5.3
76,2019-01-02,jacksonville,duval,FL,30.31615384615384,-81.64423076923079,15.5,1023.6,29.0,79.0,13.6,0.0,2.8,1.4,3.0,0.6,20.0,2.2
77,2019-01-02,las vegas,clark,NV,36.1355844155844,-115.19103896103896,9.8,1013.4,30.0,43.5,12.5,2.0,6.7,1.5,0.1,0.6,19.0,3.7
78,2019-01-02,little rock,pulaski,AR,34.73000000000001,-92.35416666666664,10.4,1023.8,43.0,74.5,8.3,6.0,0.0,2.0,0.0,0.0,0.0,3.5
79,2019-01-02,los angeles,los angeles,CA,34.03708333333333,-118.2884375,9.6,1014.8,34.0,0.0,0.0,10.0,18.6,0.0,4.7,0.0,15.0,3.3
80,2019-01-02,madison,dane,WI,43.07088235294117,-89.38882352941181,0.0,1024.3,35.0,85.6,-22.7,0.0,0.0,2.2,0.0,1.5,12.0,3.2
81,2019-01-02,manhattan,riley,KS,39.21250000000001,-96.6125,15.2,1028.6,38.0,41.8,-9.4,0.0,23.2,1.3,3.4,0.0,0.0,4.5
82,2019-01-02,memphis,shelby,TN,35.11030769230766,-89.97984615384615,16.8,1022.0,33.0,72.5,9.0,6.0,0.0,2.4,0.0,0.0,0.0,2.5
83,2019-01-02,miami,miami-dade,FL,25.76768421052632,-80.26421052631572,13.9,1021.0,15.0,87.9,20.3,0.0,0.0,0.7,1.8,0.0,0.0,5.0
84,2019-01-02,milwaukee,milwaukee,WI,43.05333333333332,-87.96404761904762,6.4,1025.1,42.0,77.2,-11.0,0.0,34.3,1.5,4.9,1.5,16.0,3.1
85,2019-01-02,nashville,davidson,TN,36.15636363636366,-86.78636363636372,0.0,1023.3,38.0,50.2,8.8,1.0,0.0,2.5,0.0,0.0,0.0,6.1
86,2019-01-02,oakland,alameda,CA,37.78629629629629,-122.22555555555556,23.3,1006.8,17.0,86.5,12.0,0.0,6.5,0.6,3.9,1.5,0.0,5.2
87,2019-01-02,oklahoma city,oklahoma,OK,35.473918918918926,-97.51662162162172,11.2,1019.0,62.0,0.0,0.0,10.0,9.3,3.2,6.7,0.0,23.0,5.5
88,2019-01-02,omaha,douglas,NE,41.26652173913043,-96.02347826086962,14.5,1018.3,59.0,0.0,0.0,0.0,0.0,2.0,1.3,0.0,28.0,5.0
89,2019-01-02,philadelphia,philadelphia,PA,39.97674418604645,-75.15337209302321,12.8,1030.6,50.0,79.8,-5.0,0.0,18.6,1.1,3.4,1.5,0.0,1.5
90,2019-01-02,phoenix,maricopa,AZ,33.502592592592585,-112.070987654321,13.6,33.9,38.0,42.3,0.0,0.0,17.4,0.7,5.6,0.1,25.0,3.2
91,2019-01-02,portland,multnomah,OR,45.517543859649145,-122.6487719298246,0.1,1004.0,44.0,89.0,0.0,6.0,14.0,0.0,4.5,0.3,0.0,1.0
92,2019-01-02,providence,providence,RI,41.8225,-71.41583333333331,24.8,1027.1,34.0,0.0,0.0,0.0,13.9,1.6,3.0,1.5,0.0,3.0
93,2019-01-02,raleigh,wake,NC,35.8215909090909,-78.6504545454546,19.2,1026.6,42.0,47.7,0.0,2.0,13.9,1.5,3.8,1.5,17.0,1.7
94,2019-01-02,richmond,richmo,VA,37.54903225806449,-77.46258064516131,8.2,1027.0,35.0,74.5,-4.0,0.0,6.5,1.2,0.1,0.4,0.0,2.3
95,2019-01-02,sacramento,sacramento,CA,38.56990196078432,-121.46715686274506,0.1,1010.5,38.0,87.7,12.2,10.3,3.8,2.0,0.0,0.0,15.0,6.7
96,2019-01-02,saint paul,ramsey,MN,44.97105263157897,-93.10394736842102,18.4,1020.9,59.0,78.0,-12.0,0.0,13.0,0.4,4.0,1.5,20.0,5.3
97,2019-01-02,salem,marion,OR,44.93461538461538,-122.99846153846156,0.0,1004.8,30.0,97.0,8.8,0.0,0.0,0.4,0.0,0.0,0.0,1.7
98,2019-01-02,salt lake city,salt lake,UT,40.72436363636364,-111.8878181818182,10.4,1016.4,53.0,0.0,0.0,0.0,35.2,1.0,5.7,0.0,0.0,2.6
99,2019-01-02,san antonio,bexar,TX,29.46241379310341,-98.51022988505748,22.4,1018.2,28.0,90.0,0.0,15.0,0.0,1.8,0.0,0.0,0.0,3.7
100,2019-01-02,san diego,san diego,CA,32.778148148148155,-117.13172839506171,17.6,1011.3,31.0,84.2,13.8,0.0,7.5,1.0,2.9,0.0,0.0,3.5
101,2019-01-02,san francisco,san francisco,CA,37.77015384615385,-122.41830769230764,24.1,1010.1,17.0,90.7,11.6,0.0,7.5,3.7,3.3,0.0,0.0,9.1
102,2019-01-02,san jose,santa clara,CA,37.30894736842104,-121.8722807017544,24.8,1011.3,13.0,81.3,0.0,9.0,4.7,0.0,2.4,0.0,6.0,8.0
103,2019-01-02,seattle,king,WA,47.59079365079366,-122.32571428571428,5.6,1002.7,37.0,90.5,8.1,7.0,16.7,0.5,3.0,1.5,0.0,4.6
104,2019-01-02,springfield,sangamon,IL,39.78315789473682,-89.64184210526314,0.0,1021.4,0.0,81.8,-3.1,0.0,0.0,3.1,0.0,0.0,0.0,4.6
105,2019-01-02,staten island,richmond,NY,40.58857142857143,-74.14999999999998,16.0,1030.6,37.0,40.2,-8.7,0.0,22.3,0.8,3.4,1.5,0.0,2.3
106,2019-01-02,tallahassee,leon,FL,30.456,-84.26249999999997,13.5,1023.7,28.0,57.2,12.4,10.0,0.0,2.0,0.0,0.0,0.0,1.2
107,2019-01-02,tucson,pima,AZ,32.21703703703703,-110.9498148148148,17.5,1015.0,25.0,51.4,13.5,3.0,13.8,1.0,2.6,0.2,21.0,2.8
108,2019-01-03,albuquerque,bernalillo,NM,35.10720930232556,-106.61720930232552,28.9,1017.1,15.0,33.7,10.9,0.0,9.3,0.9,0.9,1.5,15.0,2.3
109,2019-01-03,atlanta,fulton,GA,33.760108695652185,-84.40282608695658,14.5,1012.2,31.0,89.0,16.1,14.0,5.6,1.3,1.9,0.6,11.0,2.2
110,2019-01-03,austin,travis,TX,30.28333333333335,-97.75064102564096,6.4,1016.2,52.0,88.6,0.0,0.0,0.0,1.1,0.0,0.0,0.0,2.4
111,2019-01-03,baltimore,baltimo,MD,39.30583333333331,-76.6104166666667,24.8,1024.5,38.0,84.0,0.0,0.0,11.2,2.0,0.0,0.0,10.0,3.0
112,2019-01-03,boise,ada,ID,43.60454545454543,-116.20242424242424,20.3,1021.1,21.0,50.7,0.0,0.0,0.0,1.0,4.5,1.1,13.0,4.0
113,2019-01-03,boston,suffolk,MA,42.35128205128203,-71.06205128205124,23.3,1026.3,42.0,0.0,0.0,0.0,13.0,0.0,3.3,1.5,0.0,6.5
114,2019-01-03,brooklyn,kings,NY,40.65326923076925,-73.95653846153847,500.0,1026.1,33.0,80.5,-0.5,-3.0,18.6,3.6,0.1,0.0,0.0,5.9
115,2019-01-03,charlotte,mecklenburg,NC,35.19635135135138,-80.82810810810808,16.8,1015.0,34.0,0.0,0.0,11.5,0.0,0.6,0.6,0.0,0.0,3.1
116,2019-01-03,chicago,cook,IL,41.85885057471261,-87.67643678160923,23.3,1020.8,53.0,75.3,-1.7,-4.0,10.2,2.0,3.0,0.0,16.0,3.6
117,2019-01-03,columbia,richland,SC,34.011818181818185,-81.01333333333336,13.6,1019.6,26.0,98.0,15.1,14.5,0.0,1.0,0.0,0.0,0.0,3.0
118,2019-01-03,columbus,franklin,OH,39.98804347826086,-82.97978260869564,27.2,1018.5,52.0,74.8,0.4,0.0,12.1,1.5,0.0,0.0,0.0,4.0
119,2019-01-03,dallas,dallas,TX,32.79677966101696,-96.783559322034,14.5,1017.6,33.0,0.0,0.0,0.0,0.0,2.5,0.0,0.0,0.0,4.1
120,2019-01-03,denver,denver,CO,39.74446428571429,-104.91196428571422,12.6,1012.4,34.0,55.6,0.0,0.0,9.6,0.0,3.7,0.6,23.0,3.4
121,2019-01-03,detroit,wayne,MI,42.37173913043482,-83.10043478260866,24.1,1021.7,45.0,67.6,0.0,-8.0,0.0,0.0,0.2,2.9,9.0,1.2
122,2019-01-03,el paso,el paso,TX,31.83372262773728,-106.42459854014618,26.4,1014.1,21.0,10.7,0.0,0.0,2.8,0.2,0.0,0.0,18.0,7.2
123,2019-01-03,fort worth,tarrant,TX,32.75272727272726,-97.33181818181818,16.0,1019.2,33.0,0.0,0.0,0.0,0.0,0.7,0.0,0.0,0.0,3.8
124,2019-01-03,fresno,fresno,CA,36.75683333333335,-119.78333333333327,12.8,1018.0,25.0,0.0,0.0,9.3,7.5,0.0,2.4,0.0,14.0,3.5
125,2019-01-03,hartford,hartford,CT,41.76194444444444,-72.68055555555556,13.9,1022.9,30.0,0.0,0.0,-7.0,5.1,0.5,3.8,0.0,13.0,1.2
126,2019-01-03,honolulu,honolulu,HI,21.304651162790684,-157.84348837209308,28.9,1016.0,13.0,64.3,17.2,13.0,0.0,0.6,6.7,0.0,10.0,1.2
127,2019-01-03,houston,harris,TX,29.76687830687841,-95.39687830687816,5.6,0.0,38.0,0.0,0.0,11.0,0.0,1.7,0.0,0.0,0.0,4.0
128,2019-01-03,indianapolis,marion,IN,39.78666666666667,-86.14033333333334,22.4,1018.8,47.0,0.0,0.0,0.0,13.9,2.0,2.3,0.0,10.0,5.0
129,2019-01-03,jackson,hinds,MS,32.318214285714305,-90.1985714285714,11.2,1016.2,39.0,43.0,11.3,9.5,7.6,0.8,1.8,0.0,0.0,1.8
130,2019-01-03,jacksonville,duval,FL,30.31615384615384,-81.64423076923079,6.5,1018.4,42.0,91.2,17.7,16.0,6.0,1.3,4.2,0.6,16.0,2.6
131,2019-01-03,las vegas,clark,NV,36.1355844155844,-115.19103896103896,15.5,1012.0,16.0,36.1,16.3,1.0,3.7,2.7,0.1,0.2,13.0,7.9
132,2019-01-03,little rock,pulaski,AR,34.73000000000001,-92.35416666666664,13.6,1019.6,35.0,88.3,4.7,1.0,0.0,0.7,0.0,0.0,0.0,2.0
133,2019-01-03,los angeles,los angeles,CA,34.03708333333333,-118.2884375,12.8,1012.3,45.0,0.0,0.0,11.0,15.8,0.0,3.0,0.0,16.0,1.5
134,2019-01-03,madison,dane,WI,43.07088235294117,-89.38882352941181,0.0,1020.6,38.0,68.5,-17.7,-10.0,0.0,1.3,0.0,1.5,10.0,2.7
135,2019-01-03,manhattan,riley,KS,39.21250000000001,-96.6125,24.1,1025.6,35.0,74.7,-0.5,-4.0,20.4,1.1,3.4,0.0,0.0,4.5
136,2019-01-03,memphis,shelby,TN,35.11030769230766,-89.97984615384615,13.6,1017.3,40.0,82.2,2.3,1.0,0.0,2.7,0.0,0.0,0.0,2.4
137,2019-01-03,miami,miami-dade,FL,25.76768421052632,-80.26421052631572,13.0,1019.5,26.0,77.3,22.9,0.0,0.0,0.5,2.5,0.6,0.0,5.6
138,2019-01-03,milwaukee,milwaukee,WI,43.05333333333332,-87.96404761904762,33.6,1021.1,53.0,67.5,-3.6,-12.0,10.2,1.4,3.0,1.5,16.0,1.9
139,2019-01-03,nashville,davidson,TN,36.15636363636366,-86.78636363636372,10.4,1014.2,31.0,91.0,6.1,5.0,0.0,1.5,0.0,0.0,0.0,5.5
140,2019-01-03,oakland,alameda,CA,37.78629629629629,-122.22555555555556,12.1,1016.9,30.0,74.2,10.6,0.0,17.6,0.8,5.2,1.5,0.0,4.1
141,2019-01-03,oklahoma city,oklahoma,OK,35.473918918918926,-97.51662162162172,21.6,1019.0,66.0,0.0,0.0,-3.0,11.2,1.5,2.3,0.0,23.0,2.2
142,2019-01-03,omaha,douglas,NE,41.26652173913043,-96.02347826086962,32.0,1020.0,63.0,0.0,-0.3,0.0,0.0,2.0,2.2,0.0,20.0,8.4
143,2019-01-03,philadelphia,philadelphia,PA,39.97674418604645,-75.15337209302321,22.4,1025.0,35.0,88.3,0.0,-2.0,13.9,1.2,2.3,0.0,0.0,4.7
144,2019-01-03,phoenix,maricopa,AZ,33.502592592592585,-112.070987654321,14.7,33.9,36.0,43.4,0.0,0.0,20.4,0.8,4.5,0.1,20.0,4.0
145,2019-01-03,portland,multnomah,OR,45.517543859649145,-122.6487719298246,12.1,1017.9,20.0,68.4,0.0,0.0,8.6,0.0,2.3,0.2,0.0,2.7
146,2019-01-03,providence,providence,RI,41.8225,-71.41583333333331,29.6,1026.0,38.0,0.0,0.0,0.0,21.3,0.7,5.6,1.5,0.0,1.2
147,2019-01-03,raleigh,wake,NC,35.8215909090909,-78.6504545454546,22.4,1018.9,42.0,91.2,5.7,6.0,3.8,1.1,2.5,0.0,16.0,4.5
148,2019-01-03,richmond,richmo,VA,37.54903225806449,-77.46258064516131,13.5,1019.8,23.0,94.0,2.9,2.0,2.3,1.2,0.1,0.2,0.0,2.7
149,2019-01-03,sacramento,sacramento,CA,38.56990196078432,-121.46715686274506,0.1,1018.6,21.0,79.3,11.7,7.0,6.5,0.8,0.0,0.0,12.0,2.6
150,2019-01-03,saint paul,ramsey,MN,44.97105263157897,-93.10394736842102,13.6,1020.6,65.0,88.0,-9.0,-12.0,27.8,0.0,4.3,1.5,19.0,1.8
151,2019-01-03,salem,marion,OR,44.93461538461538,-122.99846153846156,0.0,1019.3,30.0,90.2,4.6,0.0,0.0,1.3,0.0,0.0,0.0,2.8
152,2019-01-03,salt lake city,salt lake,UT,40.72436363636364,-111.8878181818182,27.2,1013.6,11.0,0.0,0.0,0.0,9.3,1.8,2.5,0.0,0.0,4.8
153,2019-01-03,san antonio,bexar,TX,29.46241379310341,-98.51022988505748,9.6,1016.5,53.0,89.0,0.0,10.0,0.0,1.4,0.0,0.0,0.0,3.0
154,2019-01-03,san diego,san diego,CA,32.778148148148155,-117.13172839506171,20.0,1017.0,30.0,86.0,13.6,0.0,3.8,1.9,2.8,0.0,0.0,5.0
155,2019-01-03,san francisco,san francisco,CA,37.77015384615385,-122.41830769230764,15.2,1018.5,25.0,78.5,10.5,0.0,13.0,1.3,4.2,1.5,0.0,2.7
156,2019-01-03,san jose,santa clara,CA,37.30894736842104,-121.8722807017544,12.8,1016.8,30.0,71.0,0.0,6.0,16.7,0.0,5.0,1.5,11.0,1.6
157,2019-01-03,seattle,king,WA,47.59079365079366,-122.32571428571428,18.4,1020.0,30.0,69.4,3.3,-1.0,14.9,0.2,3.2,1.5,0.0,4.5
158,2019-01-03,springfield,sangamon,IL,39.78315789473682,-89.64184210526314,19.2,1019.9,59.0,69.4,1.1,-2.0,0.0,2.5,0.0,0.0,0.0,5.4
159,2019-01-03,staten island,richmond,NY,40.58857142857143,-74.14999999999998,12.1,1025.7,45.0,80.0,0.0,-3.0,33.4,1.0,4.5,1.5,0.0,2.6
160,2019-01-03,tallahassee,leon,FL,30.456,-84.26249999999997,8.6,1018.3,24.0,94.2,17.3,17.5,0.0,1.3,0.0,0.0,0.0,2.8
161,2019-01-03,tucson,pima,AZ,32.21703703703703,-110.9498148148148,14.5,1016.3,21.0,50.7,15.3,0.0,11.4,1.0,1.9,0.2,25.0,2.2
162,2019-01-04,albuquerque,bernalillo,NM,35.10720930232556,-106.61720930232552,29.6,1025.4,33.0,58.3,6.1,0.0,7.5,0.7,1.0,0.0,13.0,1.7
163,2019-01-04,atlanta,fulton,GA,33.760108695652185,-84.40282608695658,32.8,1021.3,20.0,40.5,10.0,0.0,4.7,1.0,1.9,1.5,9.0,2.5
164,2019-01-04,austin,travis,TX,30.28333333333335,-97.75064102564096,27.2,1023.8,19.0,59.0,9.5,0.0,0.0,0.2,0.0,0.0,0.0,1.5
165,2019-01-04,baltimore,baltimo,MD,39.30583333333331,-76.6104166666667,32.8,1026.6,11.0,46.0,0.4,0.0,2.8,3.8,0.0,0.0,6.0,8.5
166,2019-01-04,boise,ada,ID,43.60454545454543,-116.20242424242424,22.4,1020.3,13.0,58.2,10.0,0.0,0.0,1.0,3.3,1.5,15.0,3.0
167,2019-01-04,boston,suffolk,MA,42.35128205128203,-71.06205128205124,30.4,1016.1,21.0,45.1,3.6,0.0,6.5,8.7,2.0,0.0,0.0,18.4
168,2019-01-04,brooklyn,kings,NY,40.65326923076925,-73.95653846153847,195.3,1023.2,15.0,33.4,5.0,-9.0,6.9,5.5,0.1,0.0,0.0,14.4
169,2019-01-04,charlotte,mecklenburg,NC,35.19635135135138,-80.82810810810808,33.6,1023.8,21.0,42.9,6.9,-8.0,0.0,3.3,0.0,0.0,0.0,6.8
170,2019-01-04,chicago,cook,IL,41.85885057471261,-87.67643678160923,28.1,1021.9,29.0,60.2,5.0,-4.0,11.2,4.4,3.0,1.5,19.0,10.5
171,2019-01-04,columbia,richland,SC,34.011818181818185,-81.01333333333336,0.0,1023.3,0.0,41.7,8.8,0.0,0.0,2.3,0.0,0.0,0.0,6.0
172,2019-01-04,columbus,franklin,OH,39.98804347826086,-82.97978260869564,34.4,1025.8,21.0,60.0,0.8,0.0,6.5,1.1,1.2,0.0,0.0,3.3
173,2019-01-04,dallas,dallas,TX,32.79677966101696,-96.783559322034,27.2,1022.3,32.0,56.3,8.6,-2.0,0.0,1.5,0.0,0.0,0.0,4.5
174,2019-01-04,denver,denver,CO,39.74446428571429,-104.91196428571422,15.9,1016.7,25.0,30.2,0.0,0.0,7.8,0.0,1.9,0.6,14.0,5.6
175,2019-01-04,detroit,wayne,MI,42.37173913043482,-83.10043478260866,25.6,1026.9,32.0,62.0,0.0,0.0,0.0,0.0,0.0,0.0,20.0,6.0
176,2019-01-04,el paso,el paso,TX,31.83372262773728,-106.42459854014618,35.2,1019.4,25.0,35.2,4.7,0.0,5.6,0.0,0.0,0.0,23.0,6.2
177,2019-01-04,fort worth,tarrant,TX,32.75272727272726,-97.33181818181818,18.4,1026.0,24.0,51.5,10.0,-1.0,0.0,1.5,0.0,0.0,0.0,4.4
178,2019-01-04,fresno,fresno,CA,36.75683333333335,-119.78333333333327,26.4,1015.1,32.0,63.4,18.2,9.0,5.6,2.7,2.6,0.0,18.0,7.4
179,2019-01-04,hartford,hartford,CT,41.76194444444444,-72.68055555555556,16.3,1016.4,13.0,41.6,1.8,0.0,1.0,3.2,1.4,0.0,7.0,6.1
180,2019-01-04,honolulu,honolulu,HI,21.304651162790684,-157.84348837209308,16.0,1014.0,21.0,72.4,20.0,0.0,0.0,0.4,3.4,0.0,15.0,0.9
181,2019-01-04,houston,harris,TX,29.76687830687841,-95.39687830687816,15.2,1024.0,25.0,65.0,9.0,3.0,0.0,2.0,0.0,0.0,0.0,3.0
182,2019-01-04,indianapolis,marion,IN,39.78666666666667,-86.14033333333334,29.6,1023.4,31.0,57.3,3.6,0.0,4.7,2.0,2.4,0.0,14.0,5.7
183,2019-01-04,jackson,hinds,MS,32.318214285714305,-90.1985714285714,31.2,1023.1,22.0,61.0,10.1,-1.0,1.3,2.0,1.4,0.0,0.0,3.7
184,2019-01-04,jacksonville,duval,FL,30.31615384615384,-81.64423076923079,15.9,1019.0,22.0,87.0,13.8,0.0,1.9,1.5,2.9,0.6,10.0,3.0
185,2019-01-04,las vegas,clark,NV,36.1355844155844,-115.19103896103896,8.6,1017.7,21.0,28.0,13.1,0.0,11.2,2.4,0.1,0.4,15.0,4.9
186,2019-01-04,little rock,pulaski,AR,34.73000000000001,-92.35416666666664,27.2,1026.1,27.0,51.7,6.6,0.0,0.0,5.0,0.0,0.0,0.0,3.5
187,2019-01-04,los angeles,los angeles,CA,34.03708333333333,-118.2884375,15.2,1013.3,47.0,45.9,17.8,5.0,27.8,1.0,4.6,0.0,22.0,3.0
188,2019-01-04,madison,dane,WI,43.07088235294117,-89.38882352941181,30.4,1017.9,31.0,54.2,7.0,-5.0,0.0,4.2,0.0,1.5,10.0,11.3
189,2019-01-04,manhattan,riley,KS,39.21250000000001,-96.6125,28.9,1022.4,13.0,36.1,5.5,-11.0,13.0,5.0,2.3,0.0,0.0,11.4
190,2019-01-04,memphis,shelby,TN,35.11030769230766,-89.97984615384615,32.0,1024.7,19.0,58.7,8.8,0.0,0.0,0.8,0.0,0.0,0.0,3.3
191,2019-01-04,miami,miami-dade,FL,25.76768421052632,-80.26421052631572,13.0,1017.1,21.0,71.3,24.0,0.0,0.0,3.1,1.6,0.6,0.0,7.6
192,2019-01-04,milwaukee,milwaukee,WI,43.05333333333332,-87.96404761904762,28.1,1021.7,31.0,68.0,3.7,-6.0,11.2,3.0,3.0,1.5,19.0,9.5
193,2019-01-04,nashville,davidson,TN,36.15636363636366,-86.78636363636372,32.0,1022.1,21.0,45.6,8.0,-5.0,0.0,3.0,0.0,0.0,0.0,5.2
194,2019-01-04,oakland,alameda,CA,37.78629629629629,-122.22555555555556,15.2,1012.7,34.0,81.8,13.8,0.0,13.9,2.0,5.3,1.5,0.0,3.7
195,2019-01-04,oklahoma city,oklahoma,OK,35.473918918918926,-97.51662162162172,31.2,1023.9,38.0,55.7,8.8,-3.0,8.4,2.0,2.3,0.0,17.0,3.7
196,2019-01-04,omaha,douglas,NE,41.26652173913043,-96.02347826086962,23.3,1017.4,21.0,48.3,8.7,0.0,0.0,2.8,2.2,1.5,15.0,9.8
197,2019-01-04,philadelphia,philadelphia,PA,39.97674418604645,-75.15337209302321,32.0,1025.3,23.0,42.0,0.0,-10.0,2.8,4.2,1.2,0.0,0.0,8.2
198,2019-01-04,phoenix,maricopa,AZ,33.502592592592585,-112.070987654321,30.4,33.9,17.0,16.0,21.3,0.0,19.2,1.3,4.5,0.1,16.0,4.5
199,2019-01-04,portland,multnomah,OR,45.517543859649145,-122.6487719298246,0.9,1014.4,30.0,61.8,7.7,5.0,15.0,0.0,4.5,0.3,0.0,2.2
200,2019-01-04,providence,providence,RI,41.8225,-71.41583333333331,35.2,1017.5,13.0,45.7,3.0,0.0,7.5,2.3,2.6,0.0,0.0,6.6
201,2019-01-04,raleigh,wake,NC,35.8215909090909,-78.6504545454546,36.1,1026.0,25.0,44.9,5.7,-7.0,3.8,2.0,1.8,0.0,9.0,6.3
202,2019-01-04,richmond,richmo,VA,37.54903225806449,-77.46258064516131,0.0,1022.5,0.0,39.2,5.1,0.0,0.0,0.5,0.0,0.0,0.0,7.8
203,2019-01-04,sacramento,sacramento,CA,38.56990196078432,-121.46715686274506,0.1,1016.0,21.0,74.0,14.0,8.0,5.6,1.5,0.0,0.0,12.0,3.0
204,2019-01-04,saint paul,ramsey,MN,44.97105263157897,-93.10394736842102,25.6,1016.3,25.0,65.2,3.1,-3.0,5.6,2.5,2.7,0.0,10.0,5.5
205,2019-01-04,salem,marion,OR,44.93461538461538,-122.99846153846156,0.0,1016.6,35.0,88.5,12.1,0.0,0.0,0.3,0.0,0.0,0.0,1.0
206,2019-01-04,salt lake city,salt lake,UT,40.72436363636364,-111.8878181818182,28.9,1015.4,14.0,0.0,0.0,0.0,9.3,1.4,3.5,0.0,0.0,4.0
207,2019-01-04,san antonio,bexar,TX,29.46241379310341,-98.51022988505748,25.6,1023.3,25.0,55.5,10.0,1.0,0.0,1.5,0.0,0.0,0.0,3.5
208,2019-01-04,san diego,san diego,CA,32.778148148148155,-117.13172839506171,42.4,1009.8,49.0,55.0,17.9,0.0,8.4,0.7,3.7,0.0,0.0,3.0
209,2019-01-04,san francisco,san francisco,CA,37.77015384615385,-122.41830769230764,19.2,1015.4,25.0,84.7,13.2,0.0,10.2,1.5,3.8,1.5,0.0,3.2
210,2019-01-04,san jose,santa clara,CA,37.30894736842104,-121.8722807017544,17.6,1015.6,30.0,75.0,13.9,10.0,14.9,1.2,4.5,1.5,10.0,2.5
211,2019-01-04,seattle,king,WA,47.59079365079366,-122.32571428571428,23.3,1015.7,33.0,61.6,12.2,4.0,12.1,2.0,3.4,1.5,0.0,5.3
212,2019-01-04,springfield,sangamon,IL,39.78315789473682,-89.64184210526314,28.1,1023.6,23.0,65.9,5.0,-2.0,0.0,4.1,0.0,0.0,0.0,5.7
213,2019-01-04,staten island,richmond,NY,40.58857142857143,-74.14999999999998,31.2,1023.5,19.0,41.0,3.0,-9.6,6.5,5.3,1.9,0.0,0.0,11.4
214,2019-01-04,tallahassee,leon,FL,30.456,-84.26249999999997,11.8,1020.5,24.0,81.0,11.1,7.0,0.0,3.0,0.0,0.0,0.0,1.2
215,2019-01-04,tucson,pima,AZ,32.21703703703703,-110.9498148148148,34.4,1013.3,25.0,0.0,0.0,0.0,9.4,0.0,2.4,0.3,27.0,3.5
216,2019-01-05,albuquerque,bernalillo,NM,35.10720930232556,-106.61720930232552,33.6,1011.1,16.0,30.2,16.8,0.0,3.8,3.0,0.5,1.5,15.0,6.0
217,2019-01-05,atlanta,fulton,GA,33.760108695652185,-84.40282608695658,17.6,1020.2,59.0,83.0,19.9,0.0,4.7,1.0,2.6,1.5,25.0,1.8
218,2019-01-05,austin,travis,TX,30.28333333333335,-97.75064102564096,17.6,1011.2,53.0,86.5,24.4,0.0,0.0,0.6,0.0,0.0,0.0,4.3
219,2019-01-05,baltimore,baltimo,MD,39.30583333333331,-76.6104166666667,29.6,1026.2,25.0,85.3,13.8,0.0,6.5,2.1,0.0,0.0,15.0,5.0
220,2019-01-05,boise,ada,ID,43.60454545454543,-116.20242424242424,31.2,1018.5,25.0,31.7,9.4,0.0,0.0,0.7,3.4,0.2,14.0,3.5
221,2019-01-05,boston,suffolk,MA,42.35128205128203,-71.06205128205124,23.3,1029.6,34.0,62.5,10.0,0.0,10.2,1.6,3.0,1.5,0.0,5.0
222,2019-01-05,brooklyn,kings,NY,40.65326923076925,-73.95653846153847,137.0,1029.6,14.0,76.0,11.6,7.0,15.9,3.0,0.2,0.0,0.0,7.0
223,2019-01-05,charlotte,mecklenburg,NC,35.19635135135138,-80.82810810810808,23.3,1022.9,33.0,78.4,22.2,17.0,0.0,2.3,0.3,0.0,0.0,2.3
224,2019-01-05,chicago,cook,IL,41.85885057471261,-87.67643678160923,24.8,1014.3,27.0,92.0,9.1,9.0,6.5,3.6,2.9,0.0,10.0,6.4
225,2019-01-05,columbia,richland,SC,34.011818181818185,-81.01333333333336,0.0,1023.2,0.0,78.2,21.8,0.0,0.0,2.0,0.0,0.0,0.0,6.5
226,2019-01-05,columbus,franklin,OH,39.98804347826086,-82.97978260869564,35.2,1016.4,45.0,80.8,18.5,15.0,7.5,2.5,1.2,0.0,0.0,6.4
227,2019-01-05,dallas,dallas,TX,32.79677966101696,-96.783559322034,14.5,1010.9,55.0,87.6,23.6,22.6,0.0,6.5,0.0,0.0,0.0,10.8
228,2019-01-05,denver,denver,CO,39.74446428571429,-104.91196428571422,9.0,1015.2,21.0,75.5,0.0,0.0,4.6,0.0,1.9,0.6,9.0,4.6
229,2019-01-05,detroit,wayne,MI,42.37173913043482,-83.10043478260866,23.3,1015.7,26.0,91.1,0.0,0.0,0.0,0.0,0.0,0.0,12.0,8.0
230,2019-01-05,el paso,el paso,TX,31.83372262773728,-106.42459854014618,29.6,1007.5,17.0,19.7,0.0,0.0,2.8,0.0,0.0,0.0,21.0,4.7
231,2019-01-05,fort worth,tarrant,TX,32.75272727272726,-97.33181818181818,16.0,1013.8,58.0,84.9,23.4,21.0,0.0,1.7,0.0,0.0,0.0,8.4
232,2019-01-05,fresno,fresno,CA,36.75683333333335,-119.78333333333327,30.4,1014.9,39.0,49.7,17.9,5.0,4.7,2.2,2.1,1.5,28.0,5.3
233,2019-01-05,hartford,hartford,CT,41.76194444444444,-72.68055555555556,10.2,1026.0,27.0,80.0,9.3,5.0,6.9,1.5,3.2,0.0,11.0,1.2
234,2019-01-05,honolulu,honolulu,HI,21.304651162790684,-157.84348837209308,19.2,1015.3,13.0,77.4,22.5,19.0,0.0,2.2,3.4,0.0,8.0,6.0
235,2019-01-05,houston,harris,TX,29.76687830687841,-95.39687830687816,20.0,1014.0,47.0,84.0,25.0,22.0,0.0,3.0,0.0,0.0,0.0,10.5
236,2019-01-05,indianapolis,marion,IN,39.78666666666667,-86.14033333333334,27.2,1013.8,33.0,84.1,18.8,0.0,7.5,2.9,2.9,1.5,15.0,7.8
237,2019-01-05,jackson,hinds,MS,32.318214285714305,-90.1985714285714,24.8,1018.9,35.0,78.3,24.4,20.0,3.4,2.5,0.5,0.0,0.0,6.7
238,2019-01-05,jacksonville,duval,FL,30.31615384615384,-81.64423076923079,12.2,1021.6,33.0,76.0,23.6,0.0,2.3,2.3,3.3,0.6,21.0,4.7
239,2019-01-05,las vegas,clark,NV,36.1355844155844,-115.19103896103896,19.5,1014.7,16.0,25.2,17.5,0.0,3.0,2.7,0.1,0.0,13.0,8.0
240,2019-01-05,little rock,pulaski,AR,34.73000000000001,-92.35416666666664,30.4,1016.8,22.0,84.2,19.4,17.0,0.0,2.5,0.0,0.0,0.0,3.7
241,2019-01-05,los angeles,los angeles,CA,34.03708333333333,-118.2884375,26.4,1015.9,46.0,67.0,15.0,9.0,18.6,1.5,2.0,0.0,20.0,5.0
242,2019-01-05,madison,dane,WI,43.07088235294117,-89.38882352941181,22.4,1013.9,22.0,88.0,7.2,5.0,0.0,1.0,0.0,0.0,7.0,5.5
243,2019-01-05,manhattan,riley,KS,39.21250000000001,-96.6125,22.4,1029.4,18.0,76.5,10.5,7.0,13.0,1.6,3.0,0.0,0.0,6.0
244,2019-01-05,memphis,shelby,TN,35.11030769230766,-89.97984615384615,27.2,1016.4,40.0,69.0,21.0,19.0,0.0,1.2,0.0,0.0,0.0,3.5
245,2019-01-05,miami,miami-dade,FL,25.76768421052632,-80.26421052631572,13.0,1018.4,17.0,79.7,24.5,0.0,0.0,3.5,1.0,0.6,0.0,11.0
246,2019-01-05,milwaukee,milwaukee,WI,43.05333333333332,-87.96404761904762,24.8,1016.0,21.0,95.0,5.0,5.0,6.5,2.6,2.9,0.0,10.0,5.0
247,2019-01-05,nashville,davidson,TN,36.15636363636366,-86.78636363636372,28.1,1018.6,50.0,67.1,22.8,16.0,0.0,4.0,0.0,0.0,0.0,7.5
248,2019-01-05,oakland,alameda,CA,37.78629629629629,-122.22555555555556,26.4,1015.4,50.0,73.3,14.4,0.0,9.3,3.2,4.0,1.5,0.0,4.2
249,2019-01-05,oklahoma city,oklahoma,OK,35.473918918918926,-97.51662162162172,22.4,1011.3,29.0,94.5,17.7,15.0,11.2,3.6,2.3,0.0,12.0,5.0
250,2019-01-05,omaha,douglas,NE,41.26652173913043,-96.02347826086962,17.6,1014.3,25.0,84.0,8.1,0.0,0.0,2.0,2.4,1.5,5.0,5.2
251,2019-01-05,philadelphia,philadelphia,PA,39.97674418604645,-75.15337209302321,28.9,1027.4,24.0,81.0,11.8,10.0,2.8,2.4,1.2,0.0,0.0,4.1
252,2019-01-05,phoenix,maricopa,AZ,33.502592592592585,-112.070987654321,24.1,33.9,17.0,28.2,24.4,0.0,7.5,1.3,3.0,0.1,13.0,4.3
253,2019-01-05,portland,multnomah,OR,45.517543859649145,-122.6487719298246,12.8,1017.6,17.0,45.2,3.6,0.0,10.2,0.0,1.2,0.6,0.0,4.2
254,2019-01-05,providence,providence,RI,41.8225,-71.41583333333331,32.8,1029.1,21.0,74.6,9.4,0.0,18.6,1.0,4.7,0.0,0.0,2.5
255,2019-01-05,raleigh,wake,NC,35.8215909090909,-78.6504545454546,25.6,1023.6,42.0,74.3,23.3,17.3,5.6,1.7,2.7,0.0,20.0,6.4
256,2019-01-05,richmond,richmo,VA,37.54903225806449,-77.46258064516131,14.7,1021.4,25.0,81.0,19.1,16.0,3.3,1.2,0.1,0.2,0.0,2.0
257,2019-01-05,sacramento,sacramento,CA,38.56990196078432,-121.46715686274506,0.1,1016.2,21.0,52.1,17.5,5.0,4.7,1.2,0.0,0.0,21.0,4.7
258,2019-01-05,saint paul,ramsey,MN,44.97105263157897,-93.10394736842102,21.6,1016.8,13.0,89.0,5.5,4.0,10.2,2.2,3.5,0.0,5.0,5.5
259,2019-01-05,salem,marion,OR,44.93461538461538,-122.99846153846156,25.6,1019.2,18.0,54.3,11.2,0.0,0.0,1.2,0.0,0.0,0.0,5.0
260,2019-01-05,salt lake city,salt lake,UT,40.72436363636364,-111.8878181818182,32.8,1017.7,17.0,0.0,0.0,0.0,5.6,1.4,3.4,0.0,0.0,4.1
261,2019-01-05,san antonio,bexar,TX,29.46241379310341,-98.51022988505748,17.6,1009.9,59.0,85.0,24.3,21.5,0.0,2.7,0.0,0.0,0.0,7.2
262,2019-01-05,san diego,san diego,CA,32.778148148148155,-117.13172839506171,36.8,1011.6,27.0,74.7,15.5,0.0,1.9,3.7,2.0,0.0,0.0,8.0
263,2019-01-05,san francisco,san francisco,CA,37.77015384615385,-122.41830769230764,32.0,1016.6,50.0,77.7,13.1,0.0,5.6,3.5,2.8,1.5,0.0,8.6
264,2019-01-05,san jose,santa clara,CA,37.30894736842104,-121.8722807017544,28.9,1017.3,42.0,66.5,15.1,0.0,7.5,1.6,3.9,1.5,20.0,4.3
265,2019-01-05,seattle,king,WA,47.59079365079366,-122.32571428571428,31.2,1017.3,24.0,56.8,10.8,0.0,9.3,3.4,2.8,1.5,0.0,7.4
266,2019-01-05,springfield,sangamon,IL,39.78315789473682,-89.64184210526314,31.2,1014.5,12.0,87.0,17.2,17.0,0.0,2.6,0.0,0.0,0.0,5.3
267,2019-01-05,staten island,richmond,NY,40.58857142857143,-74.14999999999998,27.2,1028.9,17.0,76.2,11.5,8.0,21.3,1.0,2.6,1.5,0.0,3.5
268,2019-01-05,tallahassee,leon,FL,30.456,-84.26249999999997,9.0,1021.7,36.0,65.2,25.0,18.0,0.0,2.8,0.0,0.0,0.0,5.1
269,2019-01-05,tucson,pima,AZ,32.21703703703703,-110.9498148148148,27.2,1011.9,13.0,0.0,0.0,0.0,5.6,0.0,2.0,0.2,18.0,5.6
270,2019-01-06,albuquerque,bernalillo,NM,35.10720930232556,-106.61720930232552,40.8,1010.7,33.0,37.7,22.2,8.0,5.6,2.3,0.7,1.5,25.0,3.5
271,2019-01-06,atlanta,fulton,GA,33.760108695652185,-84.40282608695658,41.6,1012.1,49.0,60.5,21.8,0.0,8.4,1.2,2.4,2.2,22.0,2.9
272,2019-01-06,austin,travis,TX,30.28333333333335,-97.75064102564096,16.0,1012.7,30.0,73.5,27.2,0.0,0.0,0.5,0.0,0.0,0.0,1.7
273,2019-01-06,baltimore,baltimo,MD,39.30583333333331,-76.6104166666667,37.6,1009.9,53.0,60.7,22.9,0.0,6.5,1.0,0.0,0.0,20.0,2.7
274,2019-01-06,boise,ada,ID,43.60454545454543,-116.20242424242424,26.0,1010.7,25.0,56.2,19.3,0.0,0.0,1.2,2.4,0.5,6.0,3.7
275,2019-01-06,boston,suffolk,MA,42.35128205128203,-71.06205128205124,24.8,1010.5,34.0,86.9,14.4,0.0,4.7,2.0,2.5,0.0,0.0,7.0
276,2019-01-06,brooklyn,kings,NY,40.65326923076925,-73.95653846153847,52.0,1010.4,48.0,66.7,22.0,0.0,13.2,2.4,3.1,0.0,0.0,5.5
277,2019-01-06,charlotte,mecklenburg,NC,35.19635135135138,-80.82810810810808,38.4,1011.2,25.0,59.7,23.8,13.0,0.0,2.0,1.9,1.5,0.0,3.7
278,2019-01-06,chicago,cook,IL,41.85885057471261,-87.67643678160923,27.2,1007.8,49.0,80.7,17.4,14.3,5.6,2.5,2.9,1.5,15.0,6.2
279,2019-01-06,columbia,richland,SC,34.011818181818185,-81.01333333333336,0.0,1010.1,0.0,49.7,24.4,0.0,0.0,1.5,0.0,0.0,0.0,4.0
280,2019-01-06,columbus,franklin,OH,39.98804347826086,-82.97978260869564,38.4,1008.4,38.0,73.0,22.0,15.0,7.5,2.3,1.2,0.0,0.0,4.5
281,2019-01-06,dallas,dallas,TX,32.79677966101696,-96.783559322034,28.9,1013.3,31.0,85.0,23.0,19.0,0.0,2.7,0.0,0.0,0.0,6.0
282,2019-01-06,denver,denver,CO,39.74446428571429,-104.91196428571422,17.9,1011.5,30.0,47.5,0.0,0.0,5.1,0.0,1.9,0.6,16.0,3.2
283,2019-01-06,detroit,wayne,MI,42.37173913043482,-83.10043478260866,29.6,1007.1,52.0,82.7,0.0,0.0,0.0,0.0,0.0,0.0,25.0,3.1
284,2019-01-06,el paso,el paso,TX,31.83372262773728,-106.42459854014618,32.8,1005.6,42.0,40.7,19.7,12.0,3.8,0.0,0.0,0.0,25.0,10.5
285,2019-01-06,fort worth,tarrant,TX,32.75272727272726,-97.33181818181818,34.4,1015.3,36.0,83.8,22.4,18.3,0.0,1.5,0.0,0.0,0.0,5.5
286,2019-01-06,fresno,fresno,CA,36.75683333333335,-119.78333333333327,37.6,1007.7,31.0,45.3,25.4,11.0,5.6,1.4,2.3,2.9,15.0,4.0
287,2019-01-06,hartford,hartford,CT,41.76194444444444,-72.68055555555556,18.3,1005.4,48.0,70.8,17.7,12.0,3.7,1.3,3.7,0.0,20.0,2.5
288,2019-01-06,honolulu,honolulu,HI,21.304651162790684,-157.84348837209308,20.8,1015.7,17.0,74.0,23.0,20.0,0.0,0.3,1.2,1.5,12.0,2.3
289,2019-01-06,houston,harris,TX,29.76687830687841,-95.39687830687816,22.4,1013.2,33.0,75.3,28.0,23.0,0.0,1.3,0.0,0.0,0.0,3.7
290,2019-01-06,indianapolis,marion,IN,39.78666666666667,-86.14033333333334,34.4,1007.3,42.0,71.0,22.7,0.0,6.5,1.7,4.9,1.5,26.0,5.0
291,2019-01-06,jackson,hinds,MS,32.318214285714305,-90.1985714285714,28.9,1013.5,52.0,68.5,25.8,18.0,2.8,1.6,1.4,1.5,0.0,2.2
292,2019-01-06,jacksonville,duval,FL,30.31615384615384,-81.64423076923079,13.0,1010.2,38.0,69.5,28.8,0.0,1.9,1.5,4.1,0.6,17.0,3.0
293,2019-01-06,las vegas,clark,NV,36.1355844155844,-115.19103896103896,21.2,1005.7,22.0,19.7,25.9,0.0,3.6,2.8,0.1,0.1,16.0,7.0
294,2019-01-06,little rock,pulaski,AR,34.73000000000001,-92.35416666666664,20.8,1013.9,53.0,63.1,25.0,0.0,0.0,3.0,0.0,0.0,0.0,1.2
295,2019-01-06,los angeles,los angeles,CA,34.03708333333333,-118.2884375,27.2,1011.2,35.0,79.5,16.0,12.0,6.5,2.0,2.2,0.0,14.0,3.6
296,2019-01-06,madison,dane,WI,43.07088235294117,-89.38882352941181,28.9,1008.5,70.0,81.0,19.4,15.0,0.0,1.8,0.0,0.9,38.0,5.4
297,2019-01-06,manhattan,riley,KS,39.21250000000001,-96.6125,28.1,1008.2,51.0,58.4,22.5,14.0,13.0,1.3,3.4,0.0,0.0,4.7
298,2019-01-06,memphis,shelby,TN,35.11030769230766,-89.97984615384615,33.6,1011.9,37.0,59.0,25.2,17.0,0.0,2.0,0.0,0.0,0.0,2.4
299,2019-01-06,miami,miami-dade,FL,25.76768421052632,-80.26421052631572,6.5,1013.5,22.0,83.0,25.8,0.0,0.0,2.0,1.3,0.6,0.0,4.7
300,2019-01-06,milwaukee,milwaukee,WI,43.05333333333332,-87.96404761904762,24.1,1008.4,42.0,82.2,12.1,7.0,6.3,1.7,2.9,0.6,15.0,4.1
301,2019-01-06,nashville,davidson,TN,36.15636363636366,-86.78636363636372,32.8,1010.0,49.0,64.9,24.7,0.0,0.0,3.0,0.0,0.0,0.0,4.8
302,2019-01-06,oakland,alameda,CA,37.78629629629629,-122.22555555555556,21.6,1009.1,38.0,86.6,14.7,0.0,4.7,2.0,3.4,1.5,0.0,3.4
303,2019-01-06,oklahoma city,oklahoma,OK,35.473918918918926,-97.51662162162172,29.6,1013.8,25.0,73.4,22.5,17.0,6.5,2.5,2.3,0.0,14.0,4.6
304,2019-01-06,omaha,douglas,NE,41.26652173913043,-96.02347826086962,32.8,1009.0,59.0,54.6,20.1,0.0,0.0,1.8,2.6,2.9,31.0,6.0
305,2019-01-06,philadelphia,philadelphia,PA,39.97674418604645,-75.15337209302321,36.8,1009.1,56.0,71.7,22.9,16.0,4.7,1.4,3.4,0.0,0.0,2.0
306,2019-01-06,phoenix,maricopa,AZ,33.502592592592585,-112.070987654321,28.9,33.9,21.0,17.5,29.5,0.0,6.4,1.3,2.6,0.1,16.0,7.0
307,2019-01-06,portland,multnomah,OR,45.517543859649145,-122.6487719298246,16.8,1013.5,16.0,61.2,11.2,0.0,5.6,0.0,1.6,0.2,0.0,4.0
308,2019-01-06,providence,providence,RI,41.8225,-71.41583333333331,33.6,1009.3,38.0,91.0,16.1,0.0,9.3,0.4,2.8,0.0,0.0,1.0
309,2019-01-06,raleigh,wake,NC,35.8215909090909,-78.6504545454546,24.8,1009.8,34.0,82.4,21.0,18.3,2.8,1.0,2.2,0.0,11.0,2.8
310,2019-01-06,richmond,richmo,VA,37.54903225806449,-77.46258064516131,13.5,1008.4,46.0,78.5,21.3,17.3,2.4,0.8,0.1,0.2,0.0,3.1
311,2019-01-06,sacramento,sacramento,CA,38.56990196078432,-121.46715686274506,0.1,1008.4,25.0,58.0,22.5,13.6,2.8,1.7,0.0,0.0,16.0,5.0
312,2019-01-06,saint paul,ramsey,MN,44.97105263157897,-93.10394736842102,25.6,1010.4,34.0,54.0,16.4,9.0,3.8,2.5,2.4,0.0,16.0,5.5
313,2019-01-06,salem,marion,OR,44.93461538461538,-122.99846153846156,14.5,1015.6,15.0,67.0,18.5,0.0,0.0,1.6,0.0,0.0,0.0,2.6
314,2019-01-06,salt lake city,salt lake,UT,40.72436363636364,-111.8878181818182,47.2,1013.6,20.0,0.0,0.0,0.0,3.8,2.2,1.3,0.0,0.0,5.7
315,2019-01-06,san antonio,bexar,TX,29.46241379310341,-98.51022988505748,15.2,1012.2,34.0,72.7,27.6,22.0,0.0,1.7,0.0,0.0,0.0,3.5
316,2019-01-06,san diego,san diego,CA,32.778148148148155,-117.13172839506171,32.0,1007.2,34.0,78.7,16.1,0.0,1.9,2.2,2.0,0.0,0.0,5.2
317,2019-01-06,san francisco,san francisco,CA,37.77015384615385,-122.41830769230764,24.1,1009.9,34.0,91.5,12.9,0.0,2.8,4.6,2.4,0.0,0.0,10.2
318,2019-01-06,san jose,santa clara,CA,37.30894736842104,-121.8722807017544,20.8,1010.8,42.0,72.9,16.9,11.0,6.5,2.0,3.1,0.0,11.0,4.0
319,2019-01-06,seattle,king,WA,47.59079365079366,-122.32571428571428,9.6,1016.0,36.0,75.1,15.8,11.0,10.2,1.8,2.0,1.5,0.0,4.3
320,2019-01-06,springfield,sangamon,IL,39.78315789473682,-89.64184210526314,28.1,1009.6,33.0,75.7,22.7,17.0,0.0,2.4,0.0,0.0,0.0,4.7
321,2019-01-06,staten island,richmond,NY,40.58857142857143,-74.14999999999998,25.6,1009.2,50.0,66.6,20.6,14.0,17.6,0.7,3.5,0.0,0.0,2.5
322,2019-01-06,tallahassee,leon,FL,30.456,-84.26249999999997,13.0,1011.7,43.0,56.7,27.1,21.0,0.0,1.8,0.0,0.0,0.0,3.6
323,2019-01-06,tucson,pima,AZ,32.21703703703703,-110.9498148148148,28.1,1006.2,25.0,0.0,0.0,0.0,2.3,0.0,1.8,0.2,30.0,7.3
17963,2020-01-01,albuquerque,bernalillo,NM,35.10720930232556,-106.61720930232552,30.4,0.0,15.0,0.0,0.0,0.0,4.7,0.0,1.6,0.0,7.0,0.0
17964,2020-01-01,atlanta,fulton,GA,33.760108695652185,-84.40282608695658,20.0,1016.8,26.0,61.7,5.0,0.0,5.6,0.7,2.2,0.3,8.0,3.0
17965,2020-01-01,austin,travis,TX,30.28333333333335,-97.75064102564096,20.8,0.0,43.0,0.0,0.0,0.0,0.0,0.0,0.0,0.0,0.0,0.0
17966,2020-01-01,baltimore,baltimo,MD,39.30583333333331,-76.6104166666667,17.6,0.0,15.0,0.0,0.0,0.0,5.6,0.0,0.0,1.5,3.0,0.0
17967,2020-01-01,boise,ada,ID,43.60454545454543,-116.20242424242424,21.6,0.0,13.0,0.0,0.0,0.0,3.8,0.0,1.8,0.0,4.0,0.0
17968,2020-01-01,boston,suffolk,MA,42.35128205128203,-71.06205128205124,18.4,0.0,17.0,0.0,0.0,0.0,4.7,0.0,2.0,0.0,0.0,0.0
17969,2020-01-01,brooklyn,kings,NY,40.65326923076925,-73.95653846153847,21.6,0.0,30.0,0.0,0.0,0.0,0.0,0.0,0.0,0.0,0.0,0.0
17970,2020-01-01,charlotte,mecklenburg,NC,35.19635135135138,-80.82810810810808,22.4,0.0,30.0,0.0,0.0,0.0,0.0,0.0,2.0,0.0,0.0,0.0
17971,2020-01-01,chicago,cook,IL,41.85885057471261,-87.67643678160923,20.8,0.0,29.0,0.0,0.0,0.0,5.6,0.0,2.6,0.0,8.0,0.0
17972,2020-01-01,columbus,franklin,OH,39.98804347826086,-82.97978260869564,0.0,0.0,19.0,0.0,0.0,0.0,3.8,0.0,0.0,0.0,0.0,0.0
17973,2020-01-01,dallas,dallas,TX,32.79677966101696,-96.783559322034,21.6,0.0,29.0,0.0,0.0,0.0,0.0,0.0,0.0,0.0,0.0,10.0
17974,2020-01-01,denver,denver,CO,39.74446428571429,-104.91196428571422,14.7,0.0,13.0,0.0,0.0,0.0,10.6,0.0,2.8,0.6,10.0,0.0
17975,2020-01-01,detroit,wayne,MI,42.37173913043482,-83.10043478260866,23.3,0.0,30.0,0.0,0.0,0.0,0.0,0.0,0.0,0.0,11.0,0.0
17976,2020-01-01,el paso,el paso,TX,31.83372262773728,-106.42459854014618,23.3,0.0,23.0,0.0,0.0,0.0,2.8,0.0,0.0,0.0,11.0,0.0
17977,2020-01-01,fort worth,tarrant,TX,32.75272727272726,-97.33181818181818,18.4,0.0,34.0,0.0,0.0,0.0,0.0,0.0,0.0,0.0,0.0,0.0
17978,2020-01-01,fresno,fresno,CA,36.75683333333335,-119.78333333333327,12.8,0.0,97.0,0.0,0.0,0.0,13.0,0.0,5.8,0.0,39.0,0.0
17979,2020-01-01,hartford,hartford,CT,41.76194444444444,-72.68055555555556,7.8,0.0,15.0,0.0,0.0,0.0,3.7,0.0,2.3,0.0,7.0,0.0
17980,2020-01-01,honolulu,honolulu,HI,21.304651162790684,-157.84348837209308,29.6,0.0,21.0,0.0,0.0,0.0,0.0,0.0,2.3,0.0,15.0,0.0
17981,2020-01-01,houston,harris,TX,29.76687830687841,-95.39687830687816,15.2,0.0,50.0,0.0,0.0,0.0,0.0,0.0,0.0,0.0,0.0,0.0
17982,2020-01-01,indianapolis,marion,IN,39.78666666666667,-86.14033333333334,21.6,0.0,24.0,0.0,0.0,0.0,7.5,0.0,1.8,0.0,10.0,0.0
17983,2020-01-01,jackson,hinds,MS,32.318214285714305,-90.1985714285714,20.8,0.0,54.0,0.0,0.0,0.0,0.0,0.0,2.4,1.5,0.0,0.0
17984,2020-01-01,jacksonville,duval,FL,30.31615384615384,-81.64423076923079,9.0,0.0,30.0,0.0,0.0,0.0,5.1,0.0,3.0,0.0,11.0,0.0
17985,2020-01-01,las vegas,clark,NV,36.1355844155844,-115.19103896103896,8.2,0.0,47.0,0.0,0.0,0.0,10.6,0.0,0.1,0.9,14.0,0.0
17986,2020-01-01,little rock,pulaski,AR,34.73000000000001,-92.35416666666664,19.2,0.0,38.0,0.0,0.0,0.0,0.0,0.0,0.0,0.0,0.0,0.0
17987,2020-01-01,los angeles,los angeles,CA,34.03708333333333,-118.2884375,6.4,0.0,61.0,0.0,0.0,0.0,20.4,0.0,5.5,0.0,29.0,0.0
17988,2020-01-01,madison,dane,WI,43.07088235294117,-89.38882352941181,0.0,0.0,30.0,0.0,0.0,0.0,0.0,0.0,0.0,0.5,10.0,0.0
17989,2020-01-01,manhattan,riley,KS,39.21250000000001,-96.6125,18.4,0.0,27.0,0.0,0.0,0.0,4.7,0.0,2.3,0.0,0.0,0.0
17990,2020-01-01,memphis,shelby,TN,35.11030769230766,-89.97984615384615,24.8,0.0,20.0,0.0,0.0,0.0,0.0,0.0,0.0,0.0,0.0,0.0
17991,2020-01-01,miami,miami-dade,FL,25.76768421052632,-80.26421052631572,9.8,0.0,35.0,0.0,0.0,0.0,0.0,0.0,1.6,0.0,18.0,0.0
17992,2020-01-01,milwaukee,milwaukee,WI,43.05333333333332,-87.96404761904762,18.8,0.0,28.0,0.0,0.0,0.0,6.6,0.5,2.6,0.3,10.0,3.2
17993,2020-01-01,nashville,davidson,TN,36.15636363636366,-86.78636363636372,0.0,0.0,23.0,0.0,0.0,0.0,0.0,0.0,0.0,0.0,0.0,0.0
17994,2020-01-01,oakland,alameda,CA,37.78629629629629,-122.22555555555556,15.2,0.0,42.0,0.0,0.0,0.0,12.1,0.0,5.2,1.5,0.0,0.0
17995,2020-01-01,oklahoma city,oklahoma,OK,35.473918918918926,-97.51662162162172,25.6,0.0,22.0,0.0,0.0,0.0,7.5,0.0,4.5,0.0,10.0,10.2
17996,2020-01-01,omaha,douglas,NE,41.26652173913043,-96.02347826086962,16.8,0.0,17.0,0.0,0.0,0.0,0.0,0.0,1.8,0.0,10.0,0.0
17997,2020-01-01,philadelphia,philadelphia,PA,39.97674418604645,-75.15337209302321,20.0,1011.6,27.0,67.3,2.0,-4.6,4.7,2.7,2.3,0.0,0.0,7.7
17998,2020-01-01,phoenix,maricopa,AZ,33.502592592592585,-112.070987654321,8.8,0.0,72.0,0.0,0.0,0.0,11.0,0.0,7.8,0.1,27.0,0.0
17999,2020-01-01,portland,multnomah,OR,45.517543859649145,-122.6487719298246,16.8,0.0,10.0,0.0,0.0,0.0,3.8,0.0,0.6,0.3,0.0,0.0
18000,2020-01-01,providence,providence,RI,41.8225,-71.41583333333331,20.0,0.0,17.0,0.0,0.0,0.0,4.7,0.0,3.0,0.0,0.0,0.0
18001,2020-01-01,raleigh,wake,NC,35.8215909090909,-78.6504545454546,24.1,0.0,25.0,0.0,0.0,0.0,5.6,0.0,2.8,0.0,8.0,0.0
18002,2020-01-01,richmond,richmo,VA,37.54903225806449,-77.46258064516131,0.0,0.0,0.0,0.0,0.0,0.0,1.4,0.1,0.1,0.1,0.0,0.0
18003,2020-01-01,sacramento,sacramento,CA,38.56990196078432,-121.46715686274506,7.3,0.0,61.0,0.0,0.0,0.0,2.8,0.0,0.0,0.0,0.0,0.0
18004,2020-01-01,saint paul,ramsey,MN,44.97105263157897,-93.10394736842102,12.8,0.0,38.0,0.0,0.0,0.0,11.2,0.0,2.8,0.0,10.0,0.0
18005,2020-01-01,salem,marion,OR,44.93461538461538,-122.99846153846156,0.0,0.0,10.0,0.0,0.0,0.0,0.0,0.0,0.0,0.0,0.0,0.0
18006,2020-01-01,salt lake city,salt lake,UT,40.72436363636364,-111.8878181818182,18.4,0.0,32.0,0.0,0.0,0.0,17.6,0.0,1.8,0.0,0.0,0.0
18007,2020-01-01,san antonio,bexar,TX,29.46241379310341,-98.51022988505748,20.0,0.0,55.0,0.0,0.0,0.0,0.0,0.0,0.0,0.0,0.0,0.0
18008,2020-01-01,san diego,san diego,CA,32.778148148148155,-117.13172839506171,14.5,0.0,66.0,0.0,0.0,0.0,0.0,0.0,0.0,0.0,0.0,0.0
18009,2020-01-01,san francisco,san francisco,CA,37.77015384615385,-122.41830769230764,17.6,0.0,34.0,0.0,0.0,0.0,7.5,0.0,4.7,1.5,0.0,0.0
18010,2020-01-01,san jose,santa clara,CA,37.30894736842104,-121.8722807017544,16.8,0.0,34.0,0.0,0.0,0.0,8.4,0.0,5.8,0.0,0.0,0.0
18011,2020-01-01,seattle,king,WA,47.59079365079366,-122.32571428571428,28.9,0.0,13.0,0.0,0.0,0.0,4.7,0.0,2.4,0.0,0.0,0.0
18012,2020-01-01,springfield,sangamon,IL,39.78315789473682,-89.64184210526314,0.0,0.0,15.0,0.0,0.0,0.0,0.0,3.3,0.0,0.0,0.0,8.9
18013,2020-01-01,staten island,richmond,NY,40.58857142857143,-74.14999999999998,18.4,0.0,23.0,0.0,0.0,0.0,4.7,0.0,2.3,0.0,0.0,0.0
18014,2020-01-01,tallahassee,leon,FL,30.456,-84.26249999999997,11.0,0.0,37.0,0.0,0.0,0.0,0.0,0.0,0.0,0.0,0.0,0.0
18015,2020-01-01,tucson,pima,AZ,32.21703703703703,-110.9498148148148,11.4,0.0,38.0,0.0,0.0,0.0,10.4,0.0,3.0,0.3,12.0,0.0
18016,2020-01-02,albuquerque,bernalillo,NM,35.10720930232556,-106.61720930232552,24.1,1030.2,14.0,43.7,5.2,-8.0,10.2,1.2,2.0,1.5,11.0,2.3
18017,2020-01-02,atlanta,fulton,GA,33.760108695652185,-84.40282608695658,13.6,1.0,45.0,87.7,5.6,0.0,6.5,2.1,2.6,0.0,12.0,4.7
18018,2020-01-02,austin,travis,TX,30.28333333333335,-97.75064102564096,19.2,1022.4,15.0,64.3,9.2,0.0,0.0,0.7,0.0,0.0,0.0,3.7
18019,2020-01-02,baltimore,baltimo,MD,39.30583333333331,-76.6104166666667,8.8,1013.6,61.0,90.1,2.7,0.0,20.4,0.9,0.0,1.5,11.0,1.0
18020,2020-01-02,boise,ada,ID,43.60454545454543,-116.20242424242424,8.1,1021.9,17.0,73.5,6.0,1.0,10.2,1.5,6.7,0.0,17.0,2.7
18021,2020-01-02,boston,suffolk,MA,42.35128205128203,-71.06205128205124,12.1,1012.8,46.0,89.1,1.8,0.0,15.8,1.2,3.5,1.5,0.0,3.1
18022,2020-01-02,brooklyn,kings,NY,40.65326923076925,-73.95653846153847,6.4,1012.8,48.0,86.8,5.0,2.0,30.0,1.0,4.0,0.0,0.0,1.6
18023,2020-01-02,charlotte,mecklenburg,NC,35.19635135135138,-80.82810810810808,16.0,1012.6,30.0,92.0,5.8,4.0,0.0,1.4,0.2,0.0,0.0,3.1
18024,2020-01-02,chicago,cook,IL,41.85885057471261,-87.67643678160923,16.0,1008.8,52.0,86.8,1.1,-1.0,6.5,4.0,3.0,0.0,15.0,10.2
18025,2020-01-02,columbia,richland,SC,34.011818181818185,-81.01333333333336,0.0,1013.1,0.0,89.6,6.2,0.0,0.0,0.3,0.0,0.0,0.0,1.3
18026,2020-01-02,columbus,franklin,OH,39.98804347826086,-82.97978260869564,0.0,1013.1,60.0,92.0,1.8,-2.0,11.2,1.3,1.2,0.0,0.0,2.4
18027,2020-01-02,dallas,dallas,TX,32.79677966101696,-96.783559322034,17.6,1021.1,27.0,53.8,10.5,0.0,0.0,2.4,0.0,0.0,0.0,6.8
18028,2020-01-02,denver,denver,CO,39.74446428571429,-104.91196428571422,15.5,1019.3,13.0,18.0,12.9,0.0,7.8,5.0,1.9,1.1,10.0,8.2
18029,2020-01-02,detroit,wayne,MI,42.37173913043482,-83.10043478260866,12.8,1012.6,43.0,90.0,0.4,0.0,0.0,6.0,0.0,0.0,13.0,1.8
18030,2020-01-02,el paso,el paso,TX,31.83372262773728,-106.42459854014618,21.6,1027.2,20.0,35.0,8.0,-8.0,6.5,1.4,0.0,0.0,13.0,1.8
18031,2020-01-02,fort worth,tarrant,TX,32.75272727272726,-97.33181818181818,14.5,1021.8,13.0,53.9,8.9,-2.0,0.0,2.0,0.0,0.0,0.0,4.1
18032,2020-01-02,fresno,fresno,CA,36.75683333333335,-119.78333333333327,14.5,1026.1,76.0,85.3,10.6,8.0,13.0,0.9,5.3,0.0,36.0,2.1
18033,2020-01-02,hartford,hartford,CT,41.76194444444444,-72.68055555555556,5.7,1012.3,59.0,92.0,1.8,0.7,11.0,0.7,5.0,0.0,21.0,0.9
18034,2020-01-02,honolulu,honolulu,HI,21.304651162790684,-157.84348837209308,30.4,1015.3,25.0,77.5,20.2,19.0,0.0,1.5,3.4,0.0,15.0,2.6
18035,2020-01-02,houston,harris,TX,29.76687830687841,-95.39687830687816,18.4,1023.6,34.0,68.6,11.0,2.0,0.0,2.0,0.0,0.0,0.0,4.3
18036,2020-01-02,indianapolis,marion,IN,39.78666666666667,-86.14033333333334,15.2,1010.4,60.0,87.0,2.2,0.0,10.2,3.0,3.2,1.5,22.0,6.8
18037,2020-01-02,jackson,hinds,MS,32.318214285714305,-90.1985714285714,19.2,1020.8,28.0,81.0,7.0,2.0,0.0,3.2,1.2,1.5,0.0,6.3
18038,2020-01-02,jacksonville,duval,FL,30.31615384615384,-81.64423076923079,6.5,1014.9,25.0,86.6,10.6,9.0,2.8,1.2,2.9,0.4,7.0,3.0
18039,2020-01-02,las vegas,clark,NV,36.1355844155844,-115.19103896103896,7.0,1027.3,35.0,39.0,11.4,-1.0,14.3,1.6,0.1,1.3,19.0,4.0
18040,2020-01-02,little rock,pulaski,AR,34.73000000000001,-92.35416666666664,16.0,1019.9,20.0,61.0,7.0,0.0,0.0,2.5,0.0,0.0,0.0,5.2
18041,2020-01-02,los angeles,los angeles,CA,34.03708333333333,-118.2884375,12.1,1022.3,43.0,39.7,16.4,3.0,29.7,0.6,6.2,0.0,26.0,1.2
18042,2020-01-02,madison,dane,WI,43.07088235294117,-89.38882352941181,0.0,1008.5,51.0,86.0,1.1,-2.0,0.0,3.7,0.0,0.2,17.0,7.4
18043,2020-01-02,manhattan,riley,KS,39.21250000000001,-96.6125,4.0,1006.2,50.0,86.5,4.0,1.0,23.2,0.4,4.5,0.0,0.0,1.2
18044,2020-01-02,memphis,shelby,TN,35.11030769230766,-89.97984615384615,15.2,1018.5,29.0,84.6,7.0,2.0,0.0,1.7,0.0,0.0,0.0,3.4
18045,2020-01-02,miami,miami-dade,FL,25.76768421052632,-80.26421052631572,11.4,1014.8,24.0,89.7,19.5,18.0,0.0,2.5,1.4,0.6,11.0,7.2
18046,2020-01-02,milwaukee,milwaukee,WI,43.05333333333332,-87.96404761904762,16.7,1009.3,51.0,87.1,1.1,-2.0,6.5,3.5,3.0,0.5,15.0,8.0
18047,2020-01-02,nashville,davidson,TN,36.15636363636366,-86.78636363636372,0.0,1014.7,30.0,72.0,7.1,3.5,0.0,3.0,0.0,0.0,0.0,7.4
18048,2020-01-02,oakland,alameda,CA,37.78629629629629,-122.22555555555556,8.8,1024.7,65.0,84.3,12.3,0.0,14.9,1.2,7.7,1.5,0.0,2.8
18049,2020-01-02,oklahoma city,oklahoma,OK,35.473918918918926,-97.51662162162172,19.2,1019.9,15.0,48.1,10.3,-3.0,16.7,2.4,4.5,0.0,9.0,5.3
18050,2020-01-02,omaha,douglas,NE,41.26652173913043,-96.02347826086962,18.4,1011.6,25.0,76.4,4.0,0.0,0.0,0.8,1.8,0.0,10.0,2.8
18051,2020-01-02,philadelphia,philadelphia,PA,39.97674418604645,-75.15337209302321,11.2,1012.7,52.0,88.4,3.3,2.3,13.0,0.9,3.4,0.0,0.0,1.8
18052,2020-01-02,phoenix,maricopa,AZ,33.502592592592585,-112.070987654321,7.0,1023.4,38.0,35.3,15.0,0.0,17.4,1.0,6.7,0.1,20.0,2.5
18053,2020-01-02,portland,multnomah,OR,45.517543859649145,-122.6487719298246,15.2,1020.5,8.0,82.2,10.7,5.0,5.0,5.3,2.0,0.1,0.0,5.7
18054,2020-01-02,providence,providence,RI,41.8225,-71.41583333333331,20.8,1008.8,34.0,90.0,2.7,0.0,23.2,0.7,5.3,0.0,0.0,1.2
18055,2020-01-02,raleigh,wake,NC,35.8215909090909,-78.6504545454546,20.0,1012.8,25.0,90.0,5.0,5.0,3.8,1.2,2.3,0.0,7.0,3.0
18056,2020-01-02,richmond,richmo,VA,37.54903225806449,-77.46258064516131,0.0,1011.9,0.0,93.0,5.2,0.0,2.2,1.0,0.1,0.1,0.0,0.4
18057,2020-01-02,sacramento,sacramento,CA,38.56990196078432,-121.46715686274506,8.0,1025.7,50.0,89.5,10.1,10.3,4.7,1.0,0.0,0.0,0.0,3.1
18058,2020-01-02,saint paul,ramsey,MN,44.97105263157897,-93.10394736842102,23.3,1008.8,38.0,84.4,0.5,-2.0,7.5,2.6,3.0,1.5,10.0,6.8
18059,2020-01-02,salem,marion,OR,44.93461538461538,-122.99846153846156,0.0,1024.4,11.0,89.0,10.5,0.0,0.0,2.6,0.0,0.0,0.0,3.8
18060,2020-01-02,salt lake city,salt lake,UT,40.72436363636364,-111.8878181818182,5.6,1025.6,27.0,62.0,5.5,0.0,24.1,0.8,3.9,0.0,0.0,4.4
18061,2020-01-02,san antonio,bexar,TX,29.46241379310341,-98.51022988505748,16.0,1024.7,25.0,53.1,11.1,0.0,0.0,1.7,0.0,0.0,0.0,3.0
18062,2020-01-02,san diego,san diego,CA,32.778148148148155,-117.13172839506171,8.8,1019.6,41.0,47.0,12.9,0.0,0.0,0.7,0.0,0.0,0.0,2.0
18063,2020-01-02,san francisco,san francisco,CA,37.77015384615385,-122.41830769230764,11.2,1025.6,59.0,84.4,12.2,0.0,11.2,2.5,4.6,2.9,0.0,4.3
18064,2020-01-02,san jose,santa clara,CA,37.30894736842104,-121.8722807017544,12.1,1023.5,55.0,86.0,10.7,7.0,11.2,1.4,7.9,1.5,13.0,2.8
18065,2020-01-02,seattle,king,WA,47.59079365079366,-122.32571428571428,28.9,1018.6,12.0,88.1,8.8,5.0,2.8,4.6,1.6,1.5,0.0,11.0
18066,2020-01-02,springfield,sangamon,IL,39.78315789473682,-89.64184210526314,0.0,1014.2,42.0,86.0,2.0,0.0,0.0,3.4,0.0,0.0,0.0,6.2
18067,2020-01-02,staten island,richmond,NY,40.58857142857143,-74.14999999999998,10.4,1011.9,52.0,86.0,4.3,2.0,30.6,0.2,4.5,1.5,0.0,1.0
18068,2020-01-02,tallahassee,leon,FL,30.456,-84.26249999999997,7.8,1017.5,22.0,93.0,8.0,7.0,0.0,2.0,1.0,0.1,0.0,3.6
18069,2020-01-02,tucson,pima,AZ,32.21703703703703,-110.9498148148148,12.1,1023.6,21.0,42.2,10.9,0.0,14.3,1.0,2.9,0.2,21.0,2.7
18070,2020-01-03,albuquerque,bernalillo,NM,35.10720930232556,-106.61720930232552,30.4,1012.5,12.0,36.9,9.6,0.0,5.6,1.6,1.5,0.0,10.0,3.6
18071,2020-01-03,atlanta,fulton,GA,33.760108695652185,-84.40282608695658,33.6,1024.2,44.0,52.2,11.1,0.0,7.5,0.4,3.3,0.2,14.0,1.0
18072,2020-01-03,austin,travis,TX,30.28333333333335,-97.75064102564096,0.0,1013.4,0.0,80.5,18.8,0.0,0.0,3.1,0.0,0.0,0.0,8.0
18073,2020-01-03,baltimore,baltimo,MD,39.30583333333331,-76.6104166666667,28.1,1022.8,26.0,49.3,1.6,0.0,6.5,2.2,0.0,1.5,8.0,3.5
18074,2020-01-03,boise,ada,ID,43.60454545454543,-116.20242424242424,26.9,1016.8,9.0,46.5,2.2,0.0,2.8,4.1,1.7,0.0,7.0,6.2
18075,2020-01-03,boston,suffolk,MA,42.35128205128203,-71.06205128205124,25.6,1016.4,25.0,51.8,-3.5,0.0,5.6,4.2,2.2,0.0,0.0,9.8
18076,2020-01-03,brooklyn,kings,NY,40.65326923076925,-73.95653846153847,28.9,1020.9,25.0,46.1,1.1,0.0,8.5,4.1,0.0,0.0,0.0,9.6
18077,2020-01-03,charlotte,mecklenburg,NC,35.19635135135138,-80.82810810810808,21.6,1023.0,38.0,53.8,7.0,0.0,0.0,0.6,0.5,1.5,0.0,2.5
18078,2020-01-03,chicago,cook,IL,41.85885057471261,-87.67643678160923,25.6,1006.6,32.0,68.1,8.3,-4.0,8.4,4.0,3.3,0.3,20.0,9.2
18079,2020-01-03,columbia,richland,SC,34.011818181818185,-81.01333333333336,0.0,1024.5,0.0,63.5,8.3,0.0,0.0,0.6,0.0,1.5,0.0,1.0
18080,2020-01-03,columbus,franklin,OH,39.98804347826086,-82.97978260869564,31.2,1018.3,27.0,52.2,4.9,0.0,9.3,2.7,2.3,0.0,0.0,5.0
18081,2020-01-03,dallas,dallas,TX,32.79677966101696,-96.783559322034,0.0,1011.2,0.0,79.8,18.3,0.0,0.0,11.7,0.0,0.0,0.0,20.0
18082,2020-01-03,denver,denver,CO,39.74446428571429,-104.91196428571422,11.0,1009.0,17.0,61.3,2.2,0.0,6.4,4.0,1.9,0.0,10.0,3.5
18083,2020-01-03,detroit,wayne,MI,42.37173913043482,-83.10043478260866,26.4,1016.1,32.0,70.6,1.3,0.0,0.0,7.0,0.0,1.5,12.0,5.3
18084,2020-01-03,el paso,el paso,TX,31.83372262773728,-106.42459854014618,28.1,1014.5,17.0,34.1,13.9,0.0,2.8,2.9,0.0,0.0,13.0,3.7
18085,2020-01-03,fresno,fresno,CA,36.75683333333335,-119.78333333333327,26.4,1013.3,27.0,62.9,10.3,0.0,3.8,2.8,2.3,0.0,17.0,6.6
18086,2020-01-03,hartford,hartford,CT,41.76194444444444,-72.68055555555556,13.9,1018.1,19.0,53.2,-3.3,0.0,2.3,1.0,1.5,0.0,7.0,1.2
18087,2020-01-03,honolulu,honolulu,HI,21.304651162790684,-157.84348837209308,28.1,1017.4,30.0,74.8,20.3,17.0,0.0,0.9,0.0,0.0,17.0,10.2
18088,2020-01-03,houston,harris,TX,29.76687830687841,-95.39687830687816,30.4,1015.0,40.0,82.1,19.2,0.0,0.0,4.4,0.0,0.0,0.0,7.8
18089,2020-01-03,indianapolis,marion,IN,39.78666666666667,-86.14033333333334,25.6,1010.1,35.0,59.9,2.8,0.0,8.4,3.9,2.8,0.0,17.0,11.2
18090,2020-01-03,jackson,hinds,MS,32.318214285714305,-90.1985714285714,35.2,1005.6,34.0,71.5,16.3,0.0,0.0,7.0,1.6,1.5,0.0,12.6
18091,2020-01-03,jacksonville,duval,FL,30.31615384615384,-81.64423076923079,11.8,1025.2,51.0,53.1,11.3,0.0,4.2,1.0,4.3,0.6,17.0,2.0
18092,2020-01-03,las vegas,clark,NV,36.1355844155844,-115.19103896103896,18.3,1010.0,23.0,33.5,12.3,0.0,2.2,8.2,0.1,0.3,21.0,19.6
18093,2020-01-03,little rock,pulaski,AR,34.73000000000001,-92.35416666666664,32.8,1014.6,38.0,63.5,16.4,0.0,0.0,5.7,0.0,0.0,0.0,13.0
18094,2020-01-03,los angeles,los angeles,CA,34.03708333333333,-118.2884375,25.6,1014.1,38.0,76.2,12.8,7.0,4.7,1.5,2.2,0.0,20.0,2.8
18095,2020-01-03,madison,dane,WI,43.07088235294117,-89.38882352941181,30.4,1005.7,49.0,76.0,4.8,-0.6,0.0,3.0,0.0,0.6,19.0,7.2
18096,2020-01-03,manhattan,riley,KS,39.21250000000001,-96.6125,24.1,1017.9,24.0,46.1,0.2,0.0,9.3,1.3,2.2,0.0,0.0,6.0
18097,2020-01-03,memphis,shelby,TN,35.11030769230766,-89.97984615384615,36.1,1015.7,35.0,63.2,14.9,0.0,0.0,2.5,0.0,0.0,0.0,8.2
18098,2020-01-03,miami,miami-dade,FL,25.76768421052632,-80.26421052631572,18.3,1024.5,23.0,58.3,19.4,0.0,0.0,3.0,1.5,0.7,14.0,8.3
18099,2020-01-03,milwaukee,milwaukee,WI,43.05333333333332,-87.96404761904762,24.2,1006.3,45.0,71.8,5.8,0.0,9.0,3.4,3.3,0.3,20.0,6.0
18100,2020-01-03,nashville,davidson,TN,36.15636363636366,-86.78636363636372,29.6,998.1,46.0,45.4,14.3,0.0,0.0,3.1,0.0,0.0,0.0,10.9
18101,2020-01-03,oakland,alameda,CA,37.78629629629629,-122.22555555555556,29.6,1014.5,25.0,55.5,11.6,0.0,3.8,7.2,3.2,0.0,0.0,11.2
18102,2020-01-03,oklahoma city,oklahoma,OK,35.473918918918926,-97.51662162162172,32.0,1005.9,23.0,56.0,15.3,5.0,5.6,10.5,7.8,0.0,14.0,18.9
18103,2020-01-03,omaha,douglas,NE,41.26652173913043,-96.02347826086962,24.1,1005.6,17.0,56.4,7.2,0.0,0.0,3.1,2.4,0.0,13.0,8.5
18104,2020-01-03,philadelphia,philadelphia,PA,39.97674418604645,-75.15337209302321,30.4,1021.3,32.0,49.5,1.2,-9.3,3.8,2.9,2.3,0.0,0.0,7.0
18105,2020-01-03,phoenix,maricopa,AZ,33.502592592592585,-112.070987654321,16.8,1010.6,22.0,30.0,17.7,0.0,7.5,1.8,3.4,0.1,13.0,6.4
18106,2020-01-03,portland,multnomah,OR,45.517543859649145,-122.6487719298246,5.6,1027.9,34.0,85.5,4.8,2.0,9.3,2.2,2.2,0.1,0.0,2.2
18107,2020-01-03,providence,providence,RI,41.8225,-71.41583333333331,26.4,1017.2,13.0,49.2,-1.6,0.0,8.4,0.8,4.0,0.0,0.0,2.6
18108,2020-01-03,raleigh,wake,NC,35.8215909090909,-78.6504545454546,30.4,1024.7,25.0,46.1,6.3,-4.3,6.5,1.1,3.3,0.0,8.0,4.2
18109,2020-01-03,richmond,richmo,VA,37.54903225806449,-77.46258064516131,0.0,1024.5,0.0,40.1,3.6,0.0,2.2,2.8,0.1,0.3,0.0,4.0
18110,2020-01-03,sacramento,sacramento,CA,38.56990196078432,-121.46715686274506,27.2,1014.6,13.0,43.6,11.6,0.0,1.9,4.4,0.0,0.0,0.0,10.2
18111,2020-01-03,saint paul,ramsey,MN,44.97105263157897,-93.10394736842102,20.8,1004.5,25.0,78.6,2.5,0.0,6.5,4.5,2.6,0.0,10.0,9.8
18112,2020-01-03,salem,marion,OR,44.93461538461538,-122.99846153846156,0.0,1028.8,25.0,94.7,4.7,0.0,0.0,1.0,0.0,0.0,0.0,2.1
18113,2020-01-03,salt lake city,salt lake,UT,40.72436363636364,-111.8878181818182,27.2,1010.7,15.0,78.0,3.1,0.0,6.5,1.4,0.0,0.0,0.0,7.4
18114,2020-01-03,san antonio,bexar,TX,29.46241379310341,-98.51022988505748,22.4,0.0,0.0,0.0,0.0,0.0,0.0,0.0,0.0,0.0,0.0,0.0
18115,2020-01-03,san francisco,san francisco,CA,37.77015384615385,-122.41830769230764,29.6,1015.4,21.0,43.5,11.8,0.0,3.8,3.4,2.7,0.0,0.0,8.4
18116,2020-01-03,san jose,santa clara,CA,37.30894736842104,-121.8722807017544,29.6,1013.9,25.0,63.7,10.2,0.0,3.8,2.6,2.7,0.0,12.0,6.0
18117,2020-01-03,seattle,king,WA,47.59079365079366,-122.32571428571428,22.4,1027.5,25.0,85.2,5.0,0.0,10.2,1.6,2.5,0.0,0.0,2.6
18118,2020-01-03,springfield,sangamon,IL,39.78315789473682,-89.64184210526314,34.4,1007.2,24.0,63.3,12.0,7.0,0.0,4.9,0.0,0.0,0.0,10.8
18119,2020-01-03,staten island,richmond,NY,40.58857142857143,-74.14999999999998,27.2,1019.4,21.0,52.7,0.2,-10.0,6.5,3.6,3.2,0.1,0.0,9.2
18120,2020-01-03,tallahassee,leon,FL,30.456,-84.26249999999997,15.5,1024.6,57.0,55.3,11.6,0.0,0.0,2.0,1.3,0.2,0.0,5.0
18121,2020-01-03,tucson,pima,AZ,32.21703703703703,-110.9498148148148,26.4,1013.1,9.0,33.0,15.6,0.0,3.6,1.7,1.5,0.0,10.0,5.2